"","Pathway.ID","Pathway.Class","Protein.Families.Genomes","KEGG.link","Nb.ECecorum","Nb.EColumbae","Nb.ESpp","Enterococcus.aquimarinus.strain.DSM.17690","Enterococcus.asini.strain.DSM.11492","Enterococcus.avium.ATCC.14025..PRJNA206270.","Enterococcus.caccae.ATCC.BAA.1240..PRJNA202681.","Enterococcus.canintestini.strain.DSM.21207","Enterococcus.canis.strain.DSM.17029","Enterococcus.casseliflavus.EC20","Enterococcus.cecorum.DSM.20682...ATCC.43198","Enterococcus.cecorum.DSM.20682...ATCC.43198.1","Enterococcus.cecorum.DSM.20682...ATCC.43198..PRJNA199185.","Enterococcus.cecorum.DSM.20682...ATCC.43198..PRJNA206360.","Enterococcus.cecorum.strain.1710s23","Enterococcus.cecorum.strain.1711s24","Enterococcus.cecorum.strain.CE2","Enterococcus.cecorum.strain.CE3","Enterococcus.cecorum.strain.CL.1","Enterococcus.cecorum.strain.D.104","Enterococcus.cecorum.strain.G.29","Enterococcus.cecorum.strain.SA1","Enterococcus.cecorum.strain.SA2","Enterococcus.cecorum.strain.SA3","Enterococcus.columbae.DSM.7374...ATCC.51263","Enterococcus.columbae.DSM.7374...ATCC.51263..PRJNA199225.","Enterococcus.columbae.DSM.7374...ATCC.51263..PRJNA206271.","Enterococcus.columbae.DSM.7374...ATCC.51263..PRJNA206361.","Enterococcus.devriesei.strain.DSM.22802","Enterococcus.dispar.ATCC.51266..PRJNA206362.","Enterococcus.durans.strain.KLDS6.0930","Enterococcus.durans.strain.KLDS6.0933","Enterococcus.faecalis.62","Enterococcus.faecalis.ATCC.29212","Enterococcus.faecalis.D32","Enterococcus.faecalis.DENG1","Enterococcus.faecalis.V583","Enterococcus.faecalis.str..Symbioflor.1","Enterococcus.faecalis.strain.AMB05","Enterococcus.faecalis.strain.KB1","Enterococcus.faecalis.strain.L12","Enterococcus.faecalis.strain.L9","Enterococcus.faecalis.strain.LD33","Enterococcus.faecium.Aus0004","Enterococcus.faecium.Aus0085","Enterococcus.faecium.NRRL.B.2354","Enterococcus.faecium.T110","Enterococcus.faecium.strain.64.3","Enterococcus.faecium.strain.6E6","Enterococcus.faecium.strain.ATCC.700221","Enterococcus.faecium.strain.E1","Enterococcus.faecium.strain.E39","Enterococcus.faecium.strain.E745","Enterococcus.faecium.strain.EFE10021","Enterococcus.faecium.strain.UW8175","Enterococcus.faecium.strain.VRE001","Enterococcus.faecium.strain.WCF.TC1","Enterococcus.flavescens.ATCC.49996..PRJNA202674.","Enterococcus.gallinarum.strain.FDAARGOS_163","Enterococcus.gilvus.ATCC.BAA.350..PRJNA206359.","Enterococcus.haemoperoxidus.ATCC.BAA.382..PRJNA206350.","Enterococcus.hermanniensis.strain.DSM.17122","Enterococcus.hirae.ATCC.9790","Enterococcus.hirae.strain.R17","Enterococcus.italicus.DSM.15952","Enterococcus.italicus.DSM.15952.1","Enterococcus.malodoratus.ATCC.43197..PRJNA202672.","Enterococcus.moraviensis.ATCC.BAA.383..PRJNA202679.","Enterococcus.mundtii.QU.25","Enterococcus.pallens.ATCC.BAA.351..PRJNA202677.","Enterococcus.pernyi.strain.Shenyang","Enterococcus.phoeniculicola.ATCC.BAA.412..PRJNA202680.","Enterococcus.plantarum.strain.LMG.26214","Enterococcus.pseudoavium.NBRC.100491","Enterococcus.quebecensis.strain.DSM.23327","Enterococcus.raffinosus.ATCC.49464..PRJNA202673.","Enterococcus.ratti.strain.DSM.15687","Enterococcus.rotai.strain.LMG.26678","Enterococcus.saccharolyticus.30_1","Enterococcus.saccharolyticus.ATCC.43076..PRJNA206268.","Enterococcus.saccharolyticus.ATCC.43076..PRJNA206365.","Enterococcus.saccharolyticus.strain.DSM.20726","Enterococcus.silesiacus.strain.LMG.23085","Enterococcus.sp..7L76","Enterococcus.sp..HSIEG1","Enterococcus.sulfureus.ATCC.49903..PRJNA206272.","Enterococcus.sulfureus.ATCC.49903..PRJNA206366.","Enterococcus.termitis.strain.DSM.22803","Enterococcus.thailandicus.strain.DSM.21767","Enterococcus.ureasiticus.strain.DSM.23328","Enterococcus.ureilyticus.strain.LMG.26676","Enterococcus.villorum.ATCC.700913..PRJNA206358."
"1","00010","Carbohydrate Metabolism","4.1.1.49 - Phosphoenolpyruvate carboxykinase (ATP)","http://www.genome.jp/dbget-bin/www_bget?ec:4.1.1.49",14,4,37,"1","1","1","0","1","1","1","1","1","1","1","1","1","1","1","1","1","1","1","1","1","1","1","1","1","1","1","1","1","0","0","0","0","0","0","0","0","0","0","0","1","1","1","1","1","1","2","1","1","1","1","1","1","1","1","1","1","0","1","0","0","0","0","1","0","0","2","0","0","0","1","0","1","0","0","0","1","1","1","0","0","0","0","0","1","1","0","0","0"
"2","00020","Carbohydrate Metabolism","4.1.1.49 - Phosphoenolpyruvate carboxykinase (ATP)","http://www.genome.jp/dbget-bin/www_bget?ec:4.1.1.49",14,4,37,"1","1","1","0","1","1","1","1","1","1","1","1","1","1","1","1","1","1","1","1","1","1","1","1","1","1","1","1","1","0","0","0","0","0","0","0","0","0","0","0","1","1","1","1","1","1","2","1","1","1","1","1","1","1","1","1","1","0","1","0","0","0","0","1","0","0","2","0","0","0","1","0","1","0","0","0","1","1","1","0","0","0","0","0","1","1","0","0","0"
"3","00020","Carbohydrate Metabolism","2.3.3.1 - Citrate (Si)-synthase","http://www.genome.jp/dbget-bin/www_bget?ec:2.3.3.1",14,4,30,"1","1","1","1","0","0","1","1","1","1","1","1","1","1","1","1","1","1","1","1","1","1","1","1","1","1","1","0","0","0","0","0","0","0","0","0","0","0","0","0","0","0","0","0","0","0","0","0","0","0","0","0","0","0","1","1","1","1","0","0","0","0","0","1","1","0","1","0","1","1","1","1","1","0","0","1","1","1","1","1","0","1","1","1","1","0","1","1","0"
"4","00020","Carbohydrate Metabolism","1.1.1.42 - Isocitrate dehydrogenase (NADP(+))","http://www.genome.jp/dbget-bin/www_bget?ec:1.1.1.42",14,4,32,"1","1","1","1","0","0","1","1","1","1","1","1","1","1","1","1","1","1","1","1","1","1","1","1","1","1","1","0","0","0","0","0","0","0","0","0","0","0","0","0","0","0","0","0","0","0","0","0","0","0","0","0","0","0","1","1","1","1","0","0","0","1","1","1","1","0","1","0","1","1","1","1","1","0","0","1","1","1","1","1","0","2","1","1","1","0","1","1","0"
"5","00020","Carbohydrate Metabolism","4.2.1.3 - Aconitate hydratase","http://www.genome.jp/dbget-bin/www_bget?ec:4.2.1.3",14,4,30,"1","1","1","2","0","0","1","1","1","1","1","1","1","1","1","1","1","1","1","1","1","1","1","1","1","1","1","0","0","0","0","0","0","0","0","0","0","0","0","0","0","0","0","0","0","0","0","0","0","0","0","0","0","0","1","1","1","2","0","0","0","0","0","1","1","0","1","0","1","1","1","1","1","0","0","1","1","1","1","1","0","1","1","1","1","0","1","1","0"
"6","00040","Carbohydrate Metabolism","3.2.1.31 - Beta-glucuronidase","http://www.genome.jp/dbget-bin/www_bget?ec:3.2.1.31",14,0,4,"0","0","0","0","0","0","0","2","1","2","2","2","2","2","2","2","2","2","2","2","4","0","0","0","0","0","0","0","0","0","0","0","0","0","0","0","0","0","0","0","0","4","0","0","0","2","0","0","0","0","0","0","1","0","0","0","0","0","0","0","0","0","0","0","0","0","0","0","0","0","0","0","0","0","0","0","0","0","0","0","0","0","0","0","1","0","0","0","0"
"7","00040","Carbohydrate Metabolism","5.3.1.12 - Glucuronate isomerase","http://www.genome.jp/dbget-bin/www_bget?ec:5.3.1.12",14,0,32,"1","2","0","0","0","0","2","1","1","1","1","1","1","1","1","1","1","1","1","1","1","0","0","0","0","1","0","1","1","0","0","0","0","0","0","0","0","0","0","0","1","2","1","1","1","2","1","1","1","1","1","1","2","1","2","2","0","0","2","0","0","0","0","0","0","1","0","1","1","0","0","0","0","3","0","1","0","0","0","0","0","1","0","0","1","1","0","0","1"
"8","00040","Carbohydrate Metabolism","1.1.1.57 - Fructuronate reductase","http://www.genome.jp/dbget-bin/www_bget?ec:1.1.1.57",14,0,25,"1","1","0","0","0","0","1","1","1","1","1","1","1","1","1","1","1","1","1","1","1","0","0","0","0","1","0","0","0","0","0","0","0","0","0","0","0","0","0","0","1","2","1","1","1","2","1","1","1","1","1","1","2","1","1","1","0","0","0","0","0","0","0","0","0","0","0","0","1","0","0","0","0","2","0","0","0","0","0","0","0","0","0","0","1","1","0","0","1"
"9","00130","Metabolism of Cofactors and Vitamins","4.2.1.113 - o-succinylbenzoate synthase","http://www.genome.jp/dbget-bin/www_bget?ec:4.2.1.113",14,4,40,"0","0","0","1","0","0","1","1","1","1","1","1","1","1","1","1","1","1","1","1","1","1","1","1","1","0","0","0","0","1","1","1","1","1","1","1","1","1","1","1","0","0","0","0","0","0","0","0","0","0","0","0","0","0","1","1","0","1","0","1","1","1","1","0","1","1","0","1","0","1","0","1","0","0","1","1","1","1","1","1","1","1","1","1","1","1","1","1","1"
"10","00130","Metabolism of Cofactors and Vitamins","2.2.1.9 - 2-succinyl-5-enolpyruvyl-6-hydroxy-3-cyclohexene-1-carboxylic-acidsynthase","http://www.genome.jp/dbget-bin/www_bget?ec:2.2.1.9",14,4,40,"0","0","0","1","0","0","1","1","1","1","1","1","1","1","1","1","1","1","1","1","1","1","1","1","1","0","0","0","0","1","1","1","1","1","1","1","1","1","1","1","0","0","0","0","0","0","0","0","0","0","0","0","0","0","1","1","0","1","0","1","1","1","1","0","1","1","0","1","0","1","0","1","0","0","1","1","1","1","1","1","1","1","1","1","1","1","1","1","1"
"11","00130","Metabolism of Cofactors and Vitamins","4.1.3.36 - 1,4-dihydroxy-2-naphthoyl-CoA synthase","http://www.genome.jp/dbget-bin/www_bget?ec:4.1.3.36",14,4,40,"0","0","0","1","0","0","1","1","1","1","1","1","1","1","1","1","1","1","1","1","1","1","1","1","1","0","0","0","0","1","1","1","1","1","1","1","1","1","1","1","0","0","0","0","0","0","0","0","0","0","0","0","0","0","1","1","0","1","0","1","1","1","1","0","1","1","0","1","0","1","0","1","0","0","1","1","1","1","1","1","1","1","1","1","1","1","1","1","1"
"12","00130","Metabolism of Cofactors and Vitamins","6.2.1.26 - o-succinylbenzoate--CoA ligase","http://www.genome.jp/dbget-bin/www_bget?ec:6.2.1.26",14,4,40,"0","0","0","1","0","0","1","1","1","1","1","1","1","1","1","1","1","1","1","1","1","1","1","1","1","0","0","0","0","1","1","1","1","1","1","1","1","1","1","1","0","0","0","0","0","0","0","0","0","0","0","0","0","0","1","1","0","1","0","1","1","1","1","0","1","1","0","1","0","1","0","1","0","0","1","1","1","1","1","1","1","1","1","1","1","1","1","1","1"
"13","00130","Metabolism of Cofactors and Vitamins","5.4.4.2 - Isochorismate synthase","http://www.genome.jp/dbget-bin/www_bget?ec:5.4.4.2",14,4,40,"0","0","0","1","0","0","1","1","1","1","1","1","1","1","1","1","1","1","1","1","1","1","1","1","1","0","0","0","0","1","1","1","1","1","1","1","1","1","1","1","0","0","0","0","0","0","0","0","0","0","0","0","0","0","1","1","0","1","0","1","1","1","1","0","1","1","0","1","0","1","0","1","0","0","1","1","1","1","1","1","1","2","1","1","1","1","1","1","1"
"14","00130","Metabolism of Cofactors and Vitamins","4.2.99.20 - 2-succinyl-6-hydroxy-2,4-cyclohexadiene-1-carboxylate synthase","http://www.genome.jp/dbget-bin/www_bget?ec:4.2.99.20",14,0,40,"0","0","0","1","0","0","1","1","1","1","1","1","1","1","1","1","1","1","1","1","1","0","0","0","0","0","0","0","0","1","1","1","1","1","1","1","1","1","1","1","0","0","0","0","0","0","0","0","0","0","0","0","0","0","1","1","0","1","0","1","1","1","1","0","1","1","0","1","0","1","0","1","0","0","1","1","1","1","1","1","1","2","1","1","1","1","1","1","1"
"15","00230","Nucleotide Metabolism","3.5.4.4 - Adenosine deaminase","http://www.genome.jp/dbget-bin/www_bget?ec:3.5.4.4",14,4,35,"0","0","0","1","0","1","1","1","1","1","1","1","1","1","1","1","1","1","1","1","1","1","1","1","1","0","0","0","0","1","1","1","1","1","1","1","1","1","1","1","0","0","0","0","0","0","0","0","0","0","0","0","0","0","1","1","0","1","0","0","0","1","1","0","1","0","0","0","0","1","0","1","0","0","1","2","1","1","1","1","1","3","1","1","1","0","1","1","0"
"16","00240","Nucleotide Metabolism","2.7.1.83 - Pseudouridine kinase","http://www.genome.jp/dbget-bin/www_bget?ec:2.7.1.83",14,0,0,"0","0","0","0","0","0","0","1","1","1","1","1","1","1","1","1","1","1","1","1","1","0","0","0","0","0","0","0","0","0","0","0","0","0","0","0","0","0","0","0","0","0","0","0","0","0","0","0","0","0","0","0","0","0","0","0","0","0","0","0","0","0","0","0","0","0","0","0","0","0","0","0","0","0","0","0","0","0","0","0","0","0","0","0","0","0","0","0","0"
"17","00240","Nucleotide Metabolism","3.5.1.- - In linear amides.","http://www.genome.jp/dbget-bin/www_bget?ec:3.5.1.-",14,1,37,"1","1","0","1","0","2","2","1","1","1","1","1","1","1","1","1","1","1","1","1","1","1","0","0","0","0","1","0","0","3","3","0","3","2","0","1","1","1","1","1","0","0","0","3","0","0","0","0","0","0","2","0","0","0","2","3","0","1","0","0","0","0","1","0","1","0","0","1","0","1","0","1","0","1","1","2","1","1","1","1","1","3","0","0","1","0","1","1","0"
"18","00240","Nucleotide Metabolism","4.2.1.70 - Pseudouridylate synthase","http://www.genome.jp/dbget-bin/www_bget?ec:4.2.1.70",14,0,0,"0","0","0","0","0","0","0","1","1","1","1","1","1","2","2","1","1","1","1","1","1","0","0","0","0","0","0","0","0","0","0","0","0","0","0","0","0","0","0","0","0","0","0","0","0","0","0","0","0","0","0","0","0","0","0","0","0","0","0","0","0","0","0","0","0","0","0","0","0","0","0","0","0","0","0","0","0","0","0","0","0","0","0","0","0","0","0","0","0"
"19","00250","Amino Acid Metabolism","4.3.2.1 - Argininosuccinate lyase","http://www.genome.jp/dbget-bin/www_bget?ec:4.3.2.1",14,4,41,"1","1","1","1","1","1","1","1","1","1","1","1","1","1","1","1","1","1","1","1","1","1","1","1","1","1","1","1","1","0","0","0","0","0","0","0","0","0","0","0","0","0","0","0","0","0","0","0","0","0","0","0","0","0","1","1","1","1","1","0","0","1","1","1","1","1","2","1","1","1","1","1","1","0","1","1","1","1","1","1","0","2","1","1","1","1","1","1","0"
"20","00250","Amino Acid Metabolism","1.4.1.13 - Glutamate synthase (NADPH)","http://www.genome.jp/dbget-bin/www_bget?ec:1.4.1.13",14,4,39,"0","2","2","1","2","0","2","2","3","2","2","2","2","3","3","2","2","2","2","2","2","2","2","2","2","2","2","0","0","0","1","1","1","1","1","0","1","0","0","1","0","0","0","0","0","0","0","0","0","0","0","0","0","0","2","2","2","1","2","0","1","2","2","2","1","0","2","0","0","0","2","0","2","0","2","2","2","2","2","2","0","3","2","2","2","1","0","2","0"
"21","00250","Amino Acid Metabolism","6.3.4.5 - Argininosuccinate synthase","http://www.genome.jp/dbget-bin/www_bget?ec:6.3.4.5",14,4,41,"1","1","1","1","1","1","1","1","1","1","1","1","1","1","1","1","1","1","1","1","1","1","1","1","1","1","1","1","1","0","0","0","0","0","0","0","0","0","0","0","0","0","0","0","0","0","0","0","0","0","0","0","0","0","1","1","1","1","1","0","0","1","1","1","1","1","1","1","1","1","1","1","1","0","1","1","1","1","1","1","0","1","1","1","1","1","1","1","0"
"22","00260","Amino Acid Metabolism","2.6.1.52 - Phosphoserine transaminase","http://www.genome.jp/dbget-bin/www_bget?ec:2.6.1.52",14,4,36,"1","1","1","1","1","1","1","1","1","1","1","1","1","1","1","1","1","1","1","1","1","1","1","1","1","1","1","0","0","0","0","0","0","0","0","0","0","0","0","0","0","0","0","0","0","0","0","0","0","0","0","0","0","0","1","1","1","1","1","0","0","1","1","1","1","0","1","0","1","1","1","1","1","0","1","1","1","1","1","1","0","1","1","1","1","0","1","1","0"
"23","00260","Amino Acid Metabolism","4.2.1.20 - Tryptophan synthase","http://www.genome.jp/dbget-bin/www_bget?ec:4.2.1.20",14,4,32,"2","1","2","2","0","0","2","2","2","2","2","2","2","2","2","2","2","2","2","2","2","2","2","2","2","2","0","2","2","0","0","0","0","0","0","0","0","0","0","0","0","0","0","0","0","0","0","0","0","0","0","0","0","0","2","2","2","2","2","0","0","2","2","2","2","0","3","0","0","2","2","2","2","0","2","0","2","2","2","2","0","0","2","2","2","0","2","2","0"
"24","00260","Amino Acid Metabolism","4.3.1.19 - Threonine ammonia-lyase","http://www.genome.jp/dbget-bin/www_bget?ec:4.3.1.19",14,4,37,"2","1","2","1","2","2","2","1","1","1","1","1","1","1","1","1","1","1","1","1","1","1","1","1","1","2","2","0","0","0","0","0","0","0","0","0","0","0","0","0","0","0","0","0","0","0","0","0","0","0","0","0","0","0","2","2","2","1","1","0","0","1","1","2","1","0","1","0","1","1","2","1","2","0","1","2","1","1","1","1","0","3","1","1","1","0","1","1","1"
"25","00260","Amino Acid Metabolism","3.5.1.- - In linear amides.","http://www.genome.jp/dbget-bin/www_bget?ec:3.5.1.-",14,1,37,"1","1","0","1","0","2","2","1","1","1","1","1","1","1","1","1","1","1","1","1","1","1","0","0","0","0","1","0","0","3","3","0","3","2","0","1","1","1","1","1","0","0","0","3","0","0","0","0","0","0","2","0","0","0","2","3","0","1","0","0","0","0","1","0","1","0","0","1","0","1","0","1","0","1","1","2","1","1","1","1","1","3","0","0","1","0","1","1","0"
"26","00270","Amino Acid Metabolism","2.1.1.14 - 5-methyltetrahydropteroyltriglutamate--homocysteine S-methyltransferase","http://www.genome.jp/dbget-bin/www_bget?ec:2.1.1.14",14,4,28,"2","1","0","1","0","0","1","1","1","1","1","2","2","1","1","2","2","1","1","1","1","2","2","2","2","0","0","0","0","0","0","0","0","0","0","0","0","0","0","0","0","0","0","0","0","0","0","0","0","0","0","0","0","0","1","1","1","1","1","0","0","3","3","1","1","0","1","0","0","1","1","1","1","0","1","0","2","2","2","1","0","0","2","2","1","0","1","1","0"
"27","00270","Amino Acid Metabolism","2.3.1.46 - Homoserine O-succinyltransferase","http://www.genome.jp/dbget-bin/www_bget?ec:2.3.1.46",14,4,31,"2","1","1","1","0","0","1","1","1","1","1","1","1","1","2","1","1","1","1","1","1","1","1","1","1","1","0","0","0","0","0","0","0","0","0","0","0","0","0","0","0","0","0","0","0","0","0","0","0","0","0","0","0","0","1","1","1","1","0","0","0","1","1","1","1","0","1","0","0","1","1","1","1","0","1","1","1","1","1","1","0","1","1","1","1","0","1","1","0"
"28","00270","Amino Acid Metabolism","2.5.1.16 - Spermidine synthase","http://www.genome.jp/dbget-bin/www_bget?ec:2.5.1.16",14,4,8,"0","0","0","0","0","0","0","1","1","1","1","1","1","2","1","1","1","1","1","1","1","1","1","1","1","0","0","0","0","0","0","0","0","0","0","0","0","0","0","0","0","0","0","0","0","0","0","0","0","0","0","0","0","0","0","0","0","0","0","0","0","0","0","0","1","0","0","0","0","0","0","0","0","0","0","0","1","1","1","1","0","0","1","1","0","0","1","0","0"
"29","00270","Amino Acid Metabolism","3.3.1.1 - Adenosylhomocysteinase","http://www.genome.jp/dbget-bin/www_bget?ec:3.3.1.1",14,4,3,"0","0","0","0","0","0","0","1","1","1","1","1","1","1","1","1","1","1","1","1","1","1","1","1","1","0","0","0","0","0","0","0","0","0","0","0","0","0","0","0","0","0","0","0","0","0","0","0","0","0","0","0","0","0","0","0","1","0","0","0","0","0","0","0","0","0","0","0","0","0","1","0","1","0","0","0","0","0","0","0","0","0","0","0","0","0","0","0","0"
"30","00270","Amino Acid Metabolism","2.5.1.48 - Cystathionine gamma-synthase","http://www.genome.jp/dbget-bin/www_bget?ec:2.5.1.48",14,4,31,"2","2","2","2","0","0","2","2","2","2","2","2","2","2","2","2","2","2","2","2","2","2","2","2","2","1","0","0","0","0","0","0","0","0","0","0","0","0","0","0","0","0","0","0","0","0","0","0","0","0","0","0","0","0","3","2","2","2","0","0","0","3","3","3","2","0","2","0","0","2","2","1","2","0","2","1","2","2","2","2","0","1","1","1","2","0","2","2","0"
"31","00270","Amino Acid Metabolism","2.1.1.10 - Homocysteine S-methyltransferase","http://www.genome.jp/dbget-bin/www_bget?ec:2.1.1.10",14,0,5,"0","0","0","0","0","0","0","1","1","1","1","1","1","1","1","2","1","1","1","1","1","0","0","0","0","0","0","0","0","0","0","0","0","0","0","0","0","0","0","0","0","0","0","0","0","0","0","0","0","0","0","0","0","0","0","0","0","0","0","0","0","0","0","0","0","0","0","0","0","0","0","0","0","0","0","0","1","1","1","0","0","0","1","1","0","0","0","0","0"
"32","00270","Amino Acid Metabolism","2.5.1.49 - O-acetylhomoserine aminocarboxypropyltransferase","http://www.genome.jp/dbget-bin/www_bget?ec:2.5.1.49",14,4,26,"1","2","1","1","0","0","1","1","1","1","1","1","1","1","1","1","1","1","1","1","1","1","1","1","1","1","0","0","0","0","0","0","0","0","0","0","0","0","0","0","0","0","0","0","0","0","0","0","0","0","0","0","0","0","1","1","2","1","0","0","0","2","2","2","1","0","1","0","0","1","2","0","1","0","1","0","1","1","1","1","0","0","0","0","1","0","1","1","0"
"33","00290","Amino Acid Metabolism","4.2.1.9 - Dihydroxy-acid dehydratase","http://www.genome.jp/dbget-bin/www_bget?ec:4.2.1.9",14,4,33,"1","1","1","1","1","0","1","1","1","1","1","1","1","1","1","1","1","1","1","1","1","1","1","1","1","1","1","0","0","0","0","0","0","0","0","0","0","0","0","0","0","0","0","0","0","0","0","0","0","0","0","0","0","0","1","1","1","1","0","0","0","1","1","1","1","0","1","0","0","1","1","1","1","0","1","1","2","2","2","1","0","2","1","1","1","0","1","1","0"
"34","00290","Amino Acid Metabolism","1.1.1.86 - Ketol-acid reductoisomerase","http://www.genome.jp/dbget-bin/www_bget?ec:1.1.1.86",14,4,33,"1","1","1","1","1","0","1","1","1","1","1","1","1","1","1","1","1","1","1","1","1","1","1","1","1","1","1","0","0","0","0","0","0","0","0","0","0","0","0","0","0","0","0","0","0","0","0","0","0","0","0","0","0","0","1","1","1","1","0","0","0","1","1","1","1","0","1","0","0","1","1","1","1","0","1","1","1","1","1","1","0","1","1","1","1","0","1","1","0"
"35","00290","Amino Acid Metabolism","4.2.1.33 - 3-isopropylmalate dehydratase","http://www.genome.jp/dbget-bin/www_bget?ec:4.2.1.33",14,4,34,"2","2","2","2","2","0","2","2","2","2","2","2","2","2","2","2","2","2","2","2","2","2","2","2","2","2","2","0","0","0","0","0","0","0","0","0","0","0","0","0","0","0","0","0","0","0","0","0","0","0","0","0","0","0","3","3","2","2","2","0","0","2","2","2","2","0","2","0","0","2","2","2","2","0","2","2","2","2","2","2","0","3","2","2","2","0","2","2","0"
"36","00290","Amino Acid Metabolism","1.1.1.85 - 3-isopropylmalate dehydrogenase","http://www.genome.jp/dbget-bin/www_bget?ec:1.1.1.85",14,4,34,"1","1","1","1","1","0","1","1","1","1","1","1","1","1","1","1","1","1","1","1","1","1","1","1","1","1","1","0","0","0","0","0","0","0","0","0","0","0","0","0","0","0","0","0","0","0","0","0","0","0","0","0","0","0","1","1","1","1","1","0","0","1","1","1","1","0","1","0","0","1","1","1","1","0","1","1","1","1","1","1","0","3","1","1","1","0","1","1","0"
"37","00290","Amino Acid Metabolism","4.3.1.19 - Threonine ammonia-lyase","http://www.genome.jp/dbget-bin/www_bget?ec:4.3.1.19",14,4,37,"2","1","2","1","2","2","2","1","1","1","1","1","1","1","1","1","1","1","1","1","1","1","1","1","1","2","2","0","0","0","0","0","0","0","0","0","0","0","0","0","0","0","0","0","0","0","0","0","0","0","0","0","0","0","2","2","2","1","1","0","0","1","1","2","1","0","1","0","1","1","2","1","2","0","1","2","1","1","1","1","0","3","1","1","1","0","1","1","1"
"38","00290","Amino Acid Metabolism","2.3.3.13 - 2-isopropylmalate synthase","http://www.genome.jp/dbget-bin/www_bget?ec:2.3.3.13",14,4,34,"1","1","1","1","1","0","1","1","1","1","1","1","1","1","1","1","1","1","1","1","1","1","1","1","1","1","1","0","0","0","0","0","0","0","0","0","0","0","0","0","0","0","0","0","0","0","0","0","0","0","0","0","0","0","1","1","1","1","1","0","0","1","1","1","1","0","1","0","0","1","1","1","1","0","1","1","3","3","3","1","0","1","1","1","1","0","1","1","0"
"39","00330","Amino Acid Metabolism","2.5.1.16 - Spermidine synthase","http://www.genome.jp/dbget-bin/www_bget?ec:2.5.1.16",14,4,8,"0","0","0","0","0","0","0","1","1","1","1","1","1","2","1","1","1","1","1","1","1","1","1","1","1","0","0","0","0","0","0","0","0","0","0","0","0","0","0","0","0","0","0","0","0","0","0","0","0","0","0","0","0","0","0","0","0","0","0","0","0","0","0","0","1","0","0","0","0","0","0","0","0","0","0","0","1","1","1","1","0","0","1","1","0","0","1","0","0"
"40","00330","Amino Acid Metabolism","4.3.2.1 - Argininosuccinate lyase","http://www.genome.jp/dbget-bin/www_bget?ec:4.3.2.1",14,4,41,"1","1","1","1","1","1","1","1","1","1","1","1","1","1","1","1","1","1","1","1","1","1","1","1","1","1","1","1","1","0","0","0","0","0","0","0","0","0","0","0","0","0","0","0","0","0","0","0","0","0","0","0","0","0","1","1","1","1","1","0","0","1","1","1","1","1","2","1","1","1","1","1","1","0","1","1","1","1","1","1","0","2","1","1","1","1","1","1","0"
"41","00330","Amino Acid Metabolism","2.3.1.35 - Glutamate N-acetyltransferase","http://www.genome.jp/dbget-bin/www_bget?ec:2.3.1.35",14,4,32,"1","1","1","1","0","0","1","1","1","1","1","1","1","1","1","1","1","1","1","1","1","1","1","1","1","1","1","0","0","0","0","0","0","0","0","0","0","0","0","0","0","0","0","0","0","0","0","0","0","0","0","0","0","0","1","1","1","1","0","0","0","1","1","1","1","0","1","0","0","1","1","1","1","0","1","1","1","1","1","1","0","1","1","1","1","0","1","1","0"
"42","00330","Amino Acid Metabolism","2.7.2.8 - Acetylglutamate kinase","http://www.genome.jp/dbget-bin/www_bget?ec:2.7.2.8",14,4,31,"1","1","1","1","0","0","1","1","1","1","1","1","1","1","1","1","1","1","1","1","1","1","1","1","1","1","1","0","0","0","0","0","0","0","0","0","0","0","0","0","0","0","0","0","0","0","0","0","0","0","0","0","0","0","1","1","1","1","0","0","1","1","1","1","1","0","1","0","0","1","1","1","1","0","1","1","1","1","1","1","0","1","0","0","1","0","1","1","0"
"43","00330","Amino Acid Metabolism","3.5.3.11 - Agmatinase","http://www.genome.jp/dbget-bin/www_bget?ec:3.5.3.11",14,4,5,"0","0","0","0","0","0","0","1","1","1","1","1","1","1","1","1","1","1","1","1","1","1","1","1","1","0","0","0","0","0","0","0","0","0","0","0","0","0","0","0","0","0","0","0","0","0","0","0","0","0","0","0","0","0","0","0","0","0","0","0","0","0","0","0","0","0","0","0","0","0","0","0","0","0","0","0","1","1","1","0","0","0","1","1","0","0","0","0","0"
"44","00330","Amino Acid Metabolism","4.1.1.19 - Arginine decarboxylase","http://www.genome.jp/dbget-bin/www_bget?ec:4.1.1.19",14,4,5,"0","0","0","0","0","0","0","1","1","1","1","1","1","1","1","1","1","1","1","1","1","1","1","1","1","0","0","0","0","0","0","0","0","0","0","0","0","0","0","0","0","0","0","0","0","0","0","0","0","0","0","0","0","0","0","0","0","0","0","0","0","0","0","0","0","0","0","0","0","0","0","0","0","0","0","0","1","1","1","0","0","0","1","1","0","0","0","0","0"
"45","00330","Amino Acid Metabolism","1.5.1.43 - Carboxynorspermidine synthase","http://www.genome.jp/dbget-bin/www_bget?ec:1.5.1.43",14,4,5,"0","0","0","0","0","0","0","1","1","1","1","1","1","2","1","1","1","1","1","1","1","1","1","1","1","0","0","0","0","0","0","0","0","0","0","0","0","0","0","0","0","0","0","0","0","0","0","0","0","0","0","0","0","0","0","0","0","0","0","0","0","0","0","0","0","0","0","0","0","0","0","0","0","0","0","0","1","1","1","0","0","0","1","1","0","0","0","0","0"
"46","00330","Amino Acid Metabolism","1.2.1.38 - N-acetyl-gamma-glutamyl-phosphate reductase","http://www.genome.jp/dbget-bin/www_bget?ec:1.2.1.38",14,4,32,"1","1","1","1","0","0","1","1","1","1","1","1","1","1","1","1","1","1","1","1","1","1","1","1","1","1","1","0","0","0","0","0","0","0","0","0","0","0","0","0","0","0","0","0","0","0","0","0","0","0","0","0","0","0","1","1","1","1","0","0","0","1","1","1","1","0","1","0","0","1","1","1","1","0","1","1","1","1","1","1","0","1","1","1","1","0","1","1","0"
"47","00330","Amino Acid Metabolism","6.3.4.5 - Argininosuccinate synthase","http://www.genome.jp/dbget-bin/www_bget?ec:6.3.4.5",14,4,41,"1","1","1","1","1","1","1","1","1","1","1","1","1","1","1","1","1","1","1","1","1","1","1","1","1","1","1","1","1","0","0","0","0","0","0","0","0","0","0","0","0","0","0","0","0","0","0","0","0","0","0","0","0","0","1","1","1","1","1","0","0","1","1","1","1","1","1","1","1","1","1","1","1","0","1","1","1","1","1","1","0","1","1","1","1","1","1","1","0"
"48","00330","Amino Acid Metabolism","2.3.1.1 - Amino-acid N-acetyltransferase","http://www.genome.jp/dbget-bin/www_bget?ec:2.3.1.1",14,4,33,"1","1","1","1","0","0","1","1","1","1","1","1","1","1","1","1","1","1","1","1","1","1","1","1","1","1","1","0","0","0","0","0","0","0","0","0","0","1","0","0","0","0","0","0","0","0","0","0","0","0","0","0","0","0","1","1","1","1","0","0","0","1","1","1","1","0","1","0","0","1","1","1","1","0","1","1","1","1","1","1","0","1","1","1","1","0","1","1","0"
"49","00330","Amino Acid Metabolism","2.6.1.11 - Acetylornithine transaminase","http://www.genome.jp/dbget-bin/www_bget?ec:2.6.1.11",14,4,33,"1","2","1","1","0","1","1","1","1","1","1","1","1","1","1","1","1","1","1","1","1","1","1","1","1","1","1","0","0","0","0","0","0","0","0","0","0","0","0","0","0","0","0","0","0","0","0","0","0","0","0","0","0","0","1","1","1","1","0","0","0","1","1","1","1","0","1","0","0","1","1","1","1","0","1","1","2","2","2","1","0","1","1","1","1","0","1","1","0"
"50","00330","Amino Acid Metabolism","4.1.1.3 - Oxaloacetate decarboxylase","http://www.genome.jp/dbget-bin/www_bget?ec:4.1.1.3",14,4,38,"0","3","0","2","4","4","2","3","3","3","3","3","3","3","3","3","3","3","3","3","3","5","5","5","5","2","4","0","0","3","3","3","3","3","3","3","3","3","3","3","0","0","0","0","0","0","0","0","0","0","0","0","0","0","2","2","0","2","0","0","0","2","2","2","2","2","6","2","4","2","0","2","0","0","0","2","0","0","0","2","3","4","0","0","2","0","2","2","0"
"51","00340","Amino Acid Metabolism","2.4.2.17 - ATP phosphoribosyltransferase","http://www.genome.jp/dbget-bin/www_bget?ec:2.4.2.17",14,4,28,"2","2","2","3","0","2","1","2","1","2","2","2","2","2","2","2","2","5","2","2","2","1","2","2","2","1","2","0","0","0","0","0","0","0","0","0","0","0","0","0","0","0","0","0","0","0","0","0","0","0","0","0","0","0","2","2","2","3","0","0","0","0","0","2","3","0","2","0","0","3","2","0","2","0","3","0","2","2","1","3","0","0","3","3","2","0","3","3","0"
"52","00340","Amino Acid Metabolism","3.6.1.31 - Phosphoribosyl-ATP diphosphatase","http://www.genome.jp/dbget-bin/www_bget?ec:3.6.1.31",14,4,27,"2","1","1","0","0","2","1","1","1","1","1","1","1","1","1","1","1","1","1","1","1","1","1","1","1","1","1","0","0","0","0","0","0","0","0","0","0","0","0","0","0","0","0","0","0","0","0","0","0","0","0","0","0","0","1","1","1","2","0","0","0","1","1","1","1","0","1","0","0","1","1","0","1","0","2","0","1","1","1","1","0","0","0","0","1","0","2","1","0"
"53","00340","Amino Acid Metabolism","3.1.3.15 - Histidinol-phosphatase","http://www.genome.jp/dbget-bin/www_bget?ec:3.1.3.15",14,4,40,"1","1","2","1","0","1","1","2","2","2","2","2","2","1","1","1","2","2","1","1","1","1","1","1","1","1","0","0","0","0","0","0","0","0","0","0","0","0","0","0","2","1","1","0","0","2","3","2","2","1","1","0","1","0","1","2","2","1","0","0","0","0","0","0","1","0","2","0","1","1","1","0","1","1","1","1","1","1","1","2","0","2","1","1","1","0","1","1","0"
"54","00340","Amino Acid Metabolism","1.1.1.23 - Histidinol dehydrogenase","http://www.genome.jp/dbget-bin/www_bget?ec:1.1.1.23",14,4,28,"1","1","1","1","0","1","1","1","1","1","1","1","1","1","1","1","1","1","1","1","1","1","1","1","1","1","1","0","0","0","0","0","0","0","0","0","0","0","0","0","0","0","0","0","0","0","0","0","0","0","0","0","0","0","1","1","1","1","0","0","0","0","0","1","1","0","1","0","0","1","1","0","1","0","1","0","1","1","1","1","0","0","1","1","1","0","1","1","0"
"55","00340","Amino Acid Metabolism","3.5.4.19 - Phosphoribosyl-AMP cyclohydrolase","http://www.genome.jp/dbget-bin/www_bget?ec:3.5.4.19",14,4,29,"2","1","1","0","0","2","1","1","1","1","1","1","1","1","1","1","1","1","1","1","1","1","1","1","1","1","1","0","0","0","0","0","0","0","0","0","0","0","0","0","0","0","0","0","0","0","0","0","0","0","0","0","0","0","1","1","1","2","0","0","0","1","2","1","2","0","1","0","0","1","1","0","1","0","2","0","1","1","1","2","0","0","1","1","2","0","3","2","0"
"56","00364","Xenobiotics Biodegradation and Metabolism","3.5.1.- - In linear amides.","http://www.genome.jp/dbget-bin/www_bget?ec:3.5.1.-",14,1,37,"1","1","0","1","0","2","2","1","1","1","1","1","1","1","1","1","1","1","1","1","1","1","0","0","0","0","1","0","0","3","3","0","3","2","0","1","1","1","1","1","0","0","0","3","0","0","0","0","0","0","2","0","0","0","2","3","0","1","0","0","0","0","1","0","1","0","0","1","0","1","0","1","0","1","1","2","1","1","1","1","1","3","0","0","1","0","1","1","0"
"57","00400","Amino Acid Metabolism","4.2.1.20 - Tryptophan synthase","http://www.genome.jp/dbget-bin/www_bget?ec:4.2.1.20",14,4,32,"2","1","2","2","0","0","2","2","2","2","2","2","2","2","2","2","2","2","2","2","2","2","2","2","2","2","0","2","2","0","0","0","0","0","0","0","0","0","0","0","0","0","0","0","0","0","0","0","0","0","0","0","0","0","2","2","2","2","2","0","0","2","2","2","2","0","3","0","0","2","2","2","2","0","2","0","2","2","2","2","0","0","2","2","2","0","2","2","0"
"58","00400","Amino Acid Metabolism","4.1.1.48 - Indole-3-glycerol-phosphate synthase","http://www.genome.jp/dbget-bin/www_bget?ec:4.1.1.48",14,4,29,"1","0","1","1","0","0","1","1","1","1","1","1","1","1","1","1","1","1","1","1","1","1","1","1","1","1","0","1","1","0","0","0","0","0","0","0","0","0","0","0","0","0","0","0","0","0","0","0","0","0","0","0","0","0","1","1","1","1","1","0","0","0","0","1","1","0","1","0","0","1","1","1","1","0","1","0","1","1","1","1","0","0","1","1","1","0","1","1","0"
"59","00400","Amino Acid Metabolism","1.1.1.282 - Quinate/shikimate dehydrogenase","http://www.genome.jp/dbget-bin/www_bget?ec:1.1.1.282",14,0,41,"1","0","2","2","1","1","2","1","1","1","1","1","1","1","1","1","1","1","1","1","1","0","0","0","0","2","1","0","0","1","1","1","1","1","1","1","1","1","1","1","0","0","0","0","0","0","0","0","0","0","0","0","0","0","1","2","3","2","1","0","0","0","0","3","2","0","2","0","2","2","2","2","3","0","2","1","0","0","0","2","1","1","0","0","1","1","2","2","0"
"60","00400","Amino Acid Metabolism","4.1.3.27 - Anthranilate synthase","http://www.genome.jp/dbget-bin/www_bget?ec:4.1.3.27",14,4,29,"2","0","2","1","0","0","2","2","2","2","2","2","2","2","2","2","2","2","2","2","2","2","2","2","2","2","0","2","2","0","0","0","0","0","0","0","0","0","0","0","0","0","0","0","0","0","0","0","0","0","0","0","0","0","2","2","2","1","2","0","0","0","0","2","2","0","2","0","0","1","2","2","1","0","2","0","2","2","2","2","0","0","1","1","2","0","1","2","0"
"61","00410","Metabolism of Other Amino Acids","2.5.1.16 - Spermidine synthase","http://www.genome.jp/dbget-bin/www_bget?ec:2.5.1.16",14,4,8,"0","0","0","0","0","0","0","1","1","1","1","1","1","2","1","1","1","1","1","1","1","1","1","1","1","0","0","0","0","0","0","0","0","0","0","0","0","0","0","0","0","0","0","0","0","0","0","0","0","0","0","0","0","0","0","0","0","0","0","0","0","0","0","0","1","0","0","0","0","0","0","0","0","0","0","0","1","1","1","1","0","0","1","1","0","0","1","0","0"
"62","00450","Metabolism of Other Amino Acids","2.1.1.14 - 5-methyltetrahydropteroyltriglutamate--homocysteine S-methyltransferase","http://www.genome.jp/dbget-bin/www_bget?ec:2.1.1.14",14,4,28,"2","1","0","1","0","0","1","1","1","1","1","2","2","1","1","2","2","1","1","1","1","2","2","2","2","0","0","0","0","0","0","0","0","0","0","0","0","0","0","0","0","0","0","0","0","0","0","0","0","0","0","0","0","0","1","1","1","1","1","0","0","3","3","1","1","0","1","0","0","1","1","1","1","0","1","0","2","2","2","1","0","0","2","2","1","0","1","1","0"
"63","00450","Metabolism of Other Amino Acids","2.5.1.48 - Cystathionine gamma-synthase","http://www.genome.jp/dbget-bin/www_bget?ec:2.5.1.48",14,4,31,"2","2","2","2","0","0","2","2","2","2","2","2","2","2","2","2","2","2","2","2","2","2","2","2","2","1","0","0","0","0","0","0","0","0","0","0","0","0","0","0","0","0","0","0","0","0","0","0","0","0","0","0","0","0","3","2","2","2","0","0","0","3","3","3","2","0","2","0","0","2","2","1","2","0","2","1","2","2","2","2","0","1","1","1","2","0","2","2","0"
"64","00480","Metabolism of Other Amino Acids","1.1.1.42 - Isocitrate dehydrogenase (NADP(+))","http://www.genome.jp/dbget-bin/www_bget?ec:1.1.1.42",14,4,32,"1","1","1","1","0","0","1","1","1","1","1","1","1","1","1","1","1","1","1","1","1","1","1","1","1","1","1","0","0","0","0","0","0","0","0","0","0","0","0","0","0","0","0","0","0","0","0","0","0","0","0","0","0","0","1","1","1","1","0","0","0","1","1","1","1","0","1","0","1","1","1","1","1","0","0","1","1","1","1","1","0","2","1","1","1","0","1","1","0"
"65","00480","Metabolism of Other Amino Acids","3.5.1.- - In linear amides.","http://www.genome.jp/dbget-bin/www_bget?ec:3.5.1.-",14,1,37,"1","1","0","1","0","2","2","1","1","1","1","1","1","1","1","1","1","1","1","1","1","1","0","0","0","0","1","0","0","3","3","0","3","2","0","1","1","1","1","1","0","0","0","3","0","0","0","0","0","0","2","0","0","0","2","3","0","1","0","0","0","0","1","0","1","0","0","1","0","1","0","1","0","1","1","2","1","1","1","1","1","3","0","0","1","0","1","1","0"
"66","00480","Metabolism of Other Amino Acids","2.5.1.16 - Spermidine synthase","http://www.genome.jp/dbget-bin/www_bget?ec:2.5.1.16",14,4,8,"0","0","0","0","0","0","0","1","1","1","1","1","1","2","1","1","1","1","1","1","1","1","1","1","1","0","0","0","0","0","0","0","0","0","0","0","0","0","0","0","0","0","0","0","0","0","0","0","0","0","0","0","0","0","0","0","0","0","0","0","0","0","0","0","1","0","0","0","0","0","0","0","0","0","0","0","1","1","1","1","0","0","1","1","0","0","1","0","0"
"67","00500","Carbohydrate Metabolism","3.2.1.31 - Beta-glucuronidase","http://www.genome.jp/dbget-bin/www_bget?ec:3.2.1.31",14,0,4,"0","0","0","0","0","0","0","2","1","2","2","2","2","2","2","2","2","2","2","2","4","0","0","0","0","0","0","0","0","0","0","0","0","0","0","0","0","0","0","0","0","4","0","0","0","2","0","0","0","0","0","0","1","0","0","0","0","0","0","0","0","0","0","0","0","0","0","0","0","0","0","0","0","0","0","0","0","0","0","0","0","0","0","0","1","0","0","0","0"
"68","00500","Carbohydrate Metabolism","2.4.1.12 - Cellulose synthase (UDP-forming)","http://www.genome.jp/dbget-bin/www_bget?ec:2.4.1.12",14,4,19,"0","0","0","0","0","0","1","1","1","1","1","1","1","1","1","1","2","1","1","1","1","1","1","1","1","1","0","0","0","0","0","0","0","0","0","0","0","0","0","0","0","0","0","0","0","0","0","0","0","0","0","0","0","0","2","1","1","0","2","0","1","0","0","0","0","1","0","0","0","0","0","1","0","0","1","0","2","2","2","1","0","0","1","1","1","0","1","1","0"
"69","00500","Carbohydrate Metabolism","2.4.1.7 - Sucrose phosphorylase","http://www.genome.jp/dbget-bin/www_bget?ec:2.4.1.7",14,4,2,"0","0","0","0","0","0","0","1","1","1","1","1","1","1","1","1","1","1","1","1","1","1","1","1","1","0","0","0","0","0","0","0","0","0","0","0","0","0","0","0","0","0","0","0","0","1","0","0","0","0","0","1","0","0","0","0","0","0","0","0","0","0","0","0","0","0","0","0","0","0","0","0","0","0","0","0","0","0","0","0","0","0","0","0","0","0","0","0","0"
"70","00513","Glycan Biosynthesis and Metabolism","3.2.1.52 - Beta-N-acetylhexosaminidase","http://www.genome.jp/dbget-bin/www_bget?ec:3.2.1.52",14,0,33,"2","0","2","3","1","1","0","1","1","1","1","1","1","1","2","2","1","2","1","1","1","0","0","0","0","0","1","0","0","0","0","0","0","0","0","0","0","0","0","0","0","1","0","0","0","1","0","0","0","0","0","0","0","0","3","2","1","1","0","0","1","0","0","2","1","1","1","0","0","1","1","1","1","0","2","0","2","2","2","2","0","2","1","1","1","1","2","1","0"
"71","00520","Carbohydrate Metabolism","3.2.1.52 - Beta-N-acetylhexosaminidase","http://www.genome.jp/dbget-bin/www_bget?ec:3.2.1.52",14,0,33,"2","0","2","3","1","1","0","1","1","1","1","1","1","1","2","2","1","2","1","1","1","0","0","0","0","0","1","0","0","0","0","0","0","0","0","0","0","0","0","0","0","1","0","0","0","1","0","0","0","0","0","0","0","0","3","2","1","1","0","0","1","0","0","2","1","1","1","0","0","1","1","1","1","0","2","0","2","2","2","2","0","2","1","1","1","1","2","1","0"
"72","00520","Carbohydrate Metabolism","3.5.1.- - In linear amides.","http://www.genome.jp/dbget-bin/www_bget?ec:3.5.1.-",14,1,37,"1","1","0","1","0","2","2","1","1","1","1","1","1","1","1","1","1","1","1","1","1","1","0","0","0","0","1","0","0","3","3","0","3","2","0","1","1","1","1","1","0","0","0","3","0","0","0","0","0","0","2","0","0","0","2","3","0","1","0","0","0","0","1","0","1","0","0","1","0","1","0","1","0","1","1","2","1","1","1","1","1","3","0","0","1","0","1","1","0"
"73","00531","Glycan Biosynthesis and Metabolism","3.2.1.31 - Beta-glucuronidase","http://www.genome.jp/dbget-bin/www_bget?ec:3.2.1.31",14,0,4,"0","0","0","0","0","0","0","2","1","2","2","2","2","2","2","2","2","2","2","2","4","0","0","0","0","0","0","0","0","0","0","0","0","0","0","0","0","0","0","0","0","4","0","0","0","2","0","0","0","0","0","0","1","0","0","0","0","0","0","0","0","0","0","0","0","0","0","0","0","0","0","0","0","0","0","0","0","0","0","0","0","0","0","0","1","0","0","0","0"
"74","00531","Glycan Biosynthesis and Metabolism","3.2.1.52 - Beta-N-acetylhexosaminidase","http://www.genome.jp/dbget-bin/www_bget?ec:3.2.1.52",14,0,33,"2","0","2","3","1","1","0","1","1","1","1","1","1","1","2","2","1","2","1","1","1","0","0","0","0","0","1","0","0","0","0","0","0","0","0","0","0","0","0","0","0","1","0","0","0","1","0","0","0","0","0","0","0","0","3","2","1","1","0","0","1","0","0","2","1","1","1","0","0","1","1","1","1","0","2","0","2","2","2","2","0","2","1","1","1","1","2","1","0"
"75","00561","Lipid Metabolism","2.7.8.20 - Phosphatidylglycerol--membrane-oligosaccharide glycerophosphotransferase","http://www.genome.jp/dbget-bin/www_bget?ec:2.7.8.20",14,4,1,"0","0","0","0","0","0","0","2","1","2","2","2","2","2","2","2","2","2","2","2","2","2","2","2","2","0","0","0","0","0","0","0","0","0","0","0","0","0","0","0","0","0","0","0","0","0","0","0","0","0","0","0","0","0","0","0","0","0","0","0","0","0","0","0","0","0","0","0","0","0","0","0","0","0","0","0","0","0","1","0","0","0","0","0","0","0","0","0","0"
"76","00600","Lipid Metabolism","3.5.1.- - In linear amides.","http://www.genome.jp/dbget-bin/www_bget?ec:3.5.1.-",14,1,37,"1","1","0","1","0","2","2","1","1","1","1","1","1","1","1","1","1","1","1","1","1","1","0","0","0","0","1","0","0","3","3","0","3","2","0","1","1","1","1","1","0","0","0","3","0","0","0","0","0","0","2","0","0","0","2","3","0","1","0","0","0","0","1","0","1","0","0","1","0","1","0","1","0","1","1","2","1","1","1","1","1","3","0","0","1","0","1","1","0"
"77","00603","Glycan Biosynthesis and Metabolism","3.2.1.52 - Beta-N-acetylhexosaminidase","http://www.genome.jp/dbget-bin/www_bget?ec:3.2.1.52",14,0,33,"2","0","2","3","1","1","0","1","1","1","1","1","1","1","2","2","1","2","1","1","1","0","0","0","0","0","1","0","0","0","0","0","0","0","0","0","0","0","0","0","0","1","0","0","0","1","0","0","0","0","0","0","0","0","3","2","1","1","0","0","1","0","0","2","1","1","1","0","0","1","1","1","1","0","2","0","2","2","2","2","0","2","1","1","1","1","2","1","0"
"78","00604","Glycan Biosynthesis and Metabolism","3.2.1.52 - Beta-N-acetylhexosaminidase","http://www.genome.jp/dbget-bin/www_bget?ec:3.2.1.52",14,0,33,"2","0","2","3","1","1","0","1","1","1","1","1","1","1","2","2","1","2","1","1","1","0","0","0","0","0","1","0","0","0","0","0","0","0","0","0","0","0","0","0","0","1","0","0","0","1","0","0","0","0","0","0","0","0","3","2","1","1","0","0","1","0","0","2","1","1","1","0","0","1","1","1","1","0","2","0","2","2","2","2","0","2","1","1","1","1","2","1","0"
"79","00620","Carbohydrate Metabolism","4.1.1.49 - Phosphoenolpyruvate carboxykinase (ATP)","http://www.genome.jp/dbget-bin/www_bget?ec:4.1.1.49",14,4,37,"1","1","1","0","1","1","1","1","1","1","1","1","1","1","1","1","1","1","1","1","1","1","1","1","1","1","1","1","1","0","0","0","0","0","0","0","0","0","0","0","1","1","1","1","1","1","2","1","1","1","1","1","1","1","1","1","1","0","1","0","0","0","0","1","0","0","2","0","0","0","1","0","1","0","0","0","1","1","1","0","0","0","0","0","1","1","0","0","0"
"80","00620","Carbohydrate Metabolism","4.1.1.3 - Oxaloacetate decarboxylase","http://www.genome.jp/dbget-bin/www_bget?ec:4.1.1.3",14,4,38,"0","3","0","2","4","4","2","3","3","3","3","3","3","3","3","3","3","3","3","3","3","5","5","5","5","2","4","0","0","3","3","3","3","3","3","3","3","3","3","3","0","0","0","0","0","0","0","0","0","0","0","0","0","0","2","2","0","2","0","0","0","2","2","2","2","2","6","2","4","2","0","2","0","0","0","2","0","0","0","2","3","4","0","0","2","0","2","2","0"
"81","00620","Carbohydrate Metabolism","4.1.1.31 - Phosphoenolpyruvate carboxylase","http://www.genome.jp/dbget-bin/www_bget?ec:4.1.1.31",14,4,0,"0","0","0","0","0","0","0","1","1","1","1","1","1","1","1","1","1","1","1","1","1","1","1","1","1","0","0","0","0","0","0","0","0","0","0","0","0","0","0","0","0","0","0","0","0","0","0","0","0","0","0","0","0","0","0","0","0","0","0","0","0","0","0","0","0","0","0","0","0","0","0","0","0","0","0","0","0","0","0","0","0","0","0","0","0","0","0","0","0"
"82","00620","Carbohydrate Metabolism","2.3.3.13 - 2-isopropylmalate synthase","http://www.genome.jp/dbget-bin/www_bget?ec:2.3.3.13",14,4,34,"1","1","1","1","1","0","1","1","1","1","1","1","1","1","1","1","1","1","1","1","1","1","1","1","1","1","1","0","0","0","0","0","0","0","0","0","0","0","0","0","0","0","0","0","0","0","0","0","0","0","0","0","0","0","1","1","1","1","1","0","0","1","1","1","1","0","1","0","0","1","1","1","1","0","1","1","3","3","3","1","0","1","1","1","1","0","1","1","0"
"83","00620","Carbohydrate Metabolism","4.1.3.- - Oxo-acid-lyases.","http://www.genome.jp/dbget-bin/www_bget?ec:4.1.3.-",14,4,30,"1","1","1","1","0","1","1","1","1","1","1","1","1","2","2","1","1","1","1","1","1","1","1","1","1","1","1","0","0","0","0","0","0","0","0","0","0","0","0","0","0","0","0","0","0","0","0","0","0","0","0","0","0","0","1","1","1","1","0","0","0","1","1","1","1","0","1","0","0","1","1","0","1","0","1","0","1","1","1","1","0","0","1","1","1","0","1","1","0"
"84","00624","Xenobiotics Biodegradation and Metabolism","4.1.3.- - Oxo-acid-lyases.","http://www.genome.jp/dbget-bin/www_bget?ec:4.1.3.-",14,4,30,"1","1","1","1","0","1","1","1","1","1","1","1","1","2","2","1","1","1","1","1","1","1","1","1","1","1","1","0","0","0","0","0","0","0","0","0","0","0","0","0","0","0","0","0","0","0","0","0","0","0","0","0","0","0","1","1","1","1","0","0","0","1","1","1","1","0","1","0","0","1","1","0","1","0","1","0","1","1","1","1","0","0","1","1","1","0","1","1","0"
"85","00630","Carbohydrate Metabolism","2.3.3.1 - Citrate (Si)-synthase","http://www.genome.jp/dbget-bin/www_bget?ec:2.3.3.1",14,4,30,"1","1","1","1","0","0","1","1","1","1","1","1","1","1","1","1","1","1","1","1","1","1","1","1","1","1","1","0","0","0","0","0","0","0","0","0","0","0","0","0","0","0","0","0","0","0","0","0","0","0","0","0","0","0","1","1","1","1","0","0","0","0","0","1","1","0","1","0","1","1","1","1","1","0","0","1","1","1","1","1","0","1","1","1","1","0","1","1","0"
"86","00630","Carbohydrate Metabolism","4.2.1.3 - Aconitate hydratase","http://www.genome.jp/dbget-bin/www_bget?ec:4.2.1.3",14,4,30,"1","1","1","2","0","0","1","1","1","1","1","1","1","1","1","1","1","1","1","1","1","1","1","1","1","1","1","0","0","0","0","0","0","0","0","0","0","0","0","0","0","0","0","0","0","0","0","0","0","0","0","0","0","0","1","1","1","2","0","0","0","0","0","1","1","0","1","0","1","1","1","1","1","0","0","1","1","1","1","1","0","1","1","1","1","0","1","1","0"
"87","00670","Metabolism of Cofactors and Vitamins","1.5.1.20 - Methylenetetrahydrofolate reductase (NAD(P)H)","http://www.genome.jp/dbget-bin/www_bget?ec:1.5.1.20",14,4,25,"1","2","1","1","0","1","0","1","1","1","1","1","1","1","1","1","1","1","1","1","1","1","1","1","1","0","0","0","0","0","0","0","0","0","0","0","0","0","0","0","0","0","0","0","0","0","0","0","0","0","0","0","0","0","0","0","0","1","0","0","0","1","1","1","1","0","1","0","0","1","1","1","1","0","1","0","1","1","1","1","0","0","1","1","1","0","1","1","0"
"88","00680","Energy Metabolism","2.6.1.52 - Phosphoserine transaminase","http://www.genome.jp/dbget-bin/www_bget?ec:2.6.1.52",14,4,36,"1","1","1","1","1","1","1","1","1","1","1","1","1","1","1","1","1","1","1","1","1","1","1","1","1","1","1","0","0","0","0","0","0","0","0","0","0","0","0","0","0","0","0","0","0","0","0","0","0","0","0","0","0","0","1","1","1","1","1","0","0","1","1","1","1","0","1","0","1","1","1","1","1","0","1","1","1","1","1","1","0","1","1","1","1","0","1","1","0"
"89","00680","Energy Metabolism","4.1.1.31 - Phosphoenolpyruvate carboxylase","http://www.genome.jp/dbget-bin/www_bget?ec:4.1.1.31",14,4,0,"0","0","0","0","0","0","0","1","1","1","1","1","1","1","1","1","1","1","1","1","1","1","1","1","1","0","0","0","0","0","0","0","0","0","0","0","0","0","0","0","0","0","0","0","0","0","0","0","0","0","0","0","0","0","0","0","0","0","0","0","0","0","0","0","0","0","0","0","0","0","0","0","0","0","0","0","0","0","0","0","0","0","0","0","0","0","0","0","0"
"90","00710","Energy Metabolism","4.1.1.49 - Phosphoenolpyruvate carboxykinase (ATP)","http://www.genome.jp/dbget-bin/www_bget?ec:4.1.1.49",14,4,37,"1","1","1","0","1","1","1","1","1","1","1","1","1","1","1","1","1","1","1","1","1","1","1","1","1","1","1","1","1","0","0","0","0","0","0","0","0","0","0","0","1","1","1","1","1","1","2","1","1","1","1","1","1","1","1","1","1","0","1","0","0","0","0","1","0","0","2","0","0","0","1","0","1","0","0","0","1","1","1","0","0","0","0","0","1","1","0","0","0"
"91","00710","Energy Metabolism","4.1.1.31 - Phosphoenolpyruvate carboxylase","http://www.genome.jp/dbget-bin/www_bget?ec:4.1.1.31",14,4,0,"0","0","0","0","0","0","0","1","1","1","1","1","1","1","1","1","1","1","1","1","1","1","1","1","1","0","0","0","0","0","0","0","0","0","0","0","0","0","0","0","0","0","0","0","0","0","0","0","0","0","0","0","0","0","0","0","0","0","0","0","0","0","0","0","0","0","0","0","0","0","0","0","0","0","0","0","0","0","0","0","0","0","0","0","0","0","0","0","0"
"92","00720","Energy Metabolism","4.2.1.3 - Aconitate hydratase","http://www.genome.jp/dbget-bin/www_bget?ec:4.2.1.3",14,4,30,"1","1","1","2","0","0","1","1","1","1","1","1","1","1","1","1","1","1","1","1","1","1","1","1","1","1","1","0","0","0","0","0","0","0","0","0","0","0","0","0","0","0","0","0","0","0","0","0","0","0","0","0","0","0","1","1","1","2","0","0","0","0","0","1","1","0","1","0","1","1","1","1","1","0","0","1","1","1","1","1","0","1","1","1","1","0","1","1","0"
"93","00720","Energy Metabolism","1.5.1.20 - Methylenetetrahydrofolate reductase (NAD(P)H)","http://www.genome.jp/dbget-bin/www_bget?ec:1.5.1.20",14,4,25,"1","2","1","1","0","1","0","1","1","1","1","1","1","1","1","1","1","1","1","1","1","1","1","1","1","0","0","0","0","0","0","0","0","0","0","0","0","0","0","0","0","0","0","0","0","0","0","0","0","0","0","0","0","0","0","0","0","1","0","0","0","1","1","1","1","0","1","0","0","1","1","1","1","0","1","0","1","1","1","1","0","0","1","1","1","0","1","1","0"
"94","00720","Energy Metabolism","1.1.1.42 - Isocitrate dehydrogenase (NADP(+))","http://www.genome.jp/dbget-bin/www_bget?ec:1.1.1.42",14,4,32,"1","1","1","1","0","0","1","1","1","1","1","1","1","1","1","1","1","1","1","1","1","1","1","1","1","1","1","0","0","0","0","0","0","0","0","0","0","0","0","0","0","0","0","0","0","0","0","0","0","0","0","0","0","0","1","1","1","1","0","0","0","1","1","1","1","0","1","0","1","1","1","1","1","0","0","1","1","1","1","1","0","2","1","1","1","0","1","1","0"
"95","00720","Energy Metabolism","4.1.1.31 - Phosphoenolpyruvate carboxylase","http://www.genome.jp/dbget-bin/www_bget?ec:4.1.1.31",14,4,0,"0","0","0","0","0","0","0","1","1","1","1","1","1","1","1","1","1","1","1","1","1","1","1","1","1","0","0","0","0","0","0","0","0","0","0","0","0","0","0","0","0","0","0","0","0","0","0","0","0","0","0","0","0","0","0","0","0","0","0","0","0","0","0","0","0","0","0","0","0","0","0","0","0","0","0","0","0","0","0","0","0","0","0","0","0","0","0","0","0"
"96","00750","Metabolism of Cofactors and Vitamins","2.6.1.52 - Phosphoserine transaminase","http://www.genome.jp/dbget-bin/www_bget?ec:2.6.1.52",14,4,36,"1","1","1","1","1","1","1","1","1","1","1","1","1","1","1","1","1","1","1","1","1","1","1","1","1","1","1","0","0","0","0","0","0","0","0","0","0","0","0","0","0","0","0","0","0","0","0","0","0","0","0","0","0","0","1","1","1","1","1","0","0","1","1","1","1","0","1","0","1","1","1","1","1","0","1","1","1","1","1","1","0","1","1","1","1","0","1","1","0"
"97","00760","Metabolism of Cofactors and Vitamins","3.5.1.- - In linear amides.","http://www.genome.jp/dbget-bin/www_bget?ec:3.5.1.-",14,1,37,"1","1","0","1","0","2","2","1","1","1","1","1","1","1","1","1","1","1","1","1","1","1","0","0","0","0","1","0","0","3","3","0","3","2","0","1","1","1","1","1","0","0","0","3","0","0","0","0","0","0","2","0","0","0","2","3","0","1","0","0","0","0","1","0","1","0","0","1","0","1","0","1","0","1","1","2","1","1","1","1","1","3","0","0","1","0","1","1","0"
"98","00770","Metabolism of Cofactors and Vitamins","4.2.1.9 - Dihydroxy-acid dehydratase","http://www.genome.jp/dbget-bin/www_bget?ec:4.2.1.9",14,4,33,"1","1","1","1","1","0","1","1","1","1","1","1","1","1","1","1","1","1","1","1","1","1","1","1","1","1","1","0","0","0","0","0","0","0","0","0","0","0","0","0","0","0","0","0","0","0","0","0","0","0","0","0","0","0","1","1","1","1","0","0","0","1","1","1","1","0","1","0","0","1","1","1","1","0","1","1","2","2","2","1","0","2","1","1","1","0","1","1","0"
"99","00770","Metabolism of Cofactors and Vitamins","1.1.1.86 - Ketol-acid reductoisomerase","http://www.genome.jp/dbget-bin/www_bget?ec:1.1.1.86",14,4,33,"1","1","1","1","1","0","1","1","1","1","1","1","1","1","1","1","1","1","1","1","1","1","1","1","1","1","1","0","0","0","0","0","0","0","0","0","0","0","0","0","0","0","0","0","0","0","0","0","0","0","0","0","0","0","1","1","1","1","0","0","0","1","1","1","1","0","1","0","0","1","1","1","1","0","1","1","1","1","1","1","0","1","1","1","1","0","1","1","0"
"100","00860","Metabolism of Cofactors and Vitamins","4.99.1.1 - Ferrochelatase","http://www.genome.jp/dbget-bin/www_bget?ec:4.99.1.1",14,4,23,"0","0","0","1","0","0","0","1","1","1","1","1","1","1","1","1","1","1","1","1","1","1","1","1","1","1","0","0","0","1","0","1","0","1","0","0","0","0","1","1","0","0","0","0","0","0","0","0","0","0","0","0","0","0","0","0","0","1","1","0","0","1","2","0","1","0","0","0","0","0","0","1","0","0","1","0","2","2","2","1","1","0","1","1","1","0","0","1","0"
"101","00860","Metabolism of Cofactors and Vitamins","3.2.1.31 - Beta-glucuronidase","http://www.genome.jp/dbget-bin/www_bget?ec:3.2.1.31",14,0,4,"0","0","0","0","0","0","0","2","1","2","2","2","2","2","2","2","2","2","2","2","4","0","0","0","0","0","0","0","0","0","0","0","0","0","0","0","0","0","0","0","0","4","0","0","0","2","0","0","0","0","0","0","1","0","0","0","0","0","0","0","0","0","0","0","0","0","0","0","0","0","0","0","0","0","0","0","0","0","0","0","0","0","0","0","1","0","0","0","0"
"102","00910","Energy Metabolism","1.4.1.13 - Glutamate synthase (NADPH)","http://www.genome.jp/dbget-bin/www_bget?ec:1.4.1.13",14,4,39,"0","2","2","1","2","0","2","2","3","2","2","2","2","3","3","2","2","2","2","2","2","2","2","2","2","2","2","0","0","0","1","1","1","1","1","0","1","0","0","1","0","0","0","0","0","0","0","0","0","0","0","0","0","0","2","2","2","1","2","0","1","2","2","2","1","0","2","0","0","0","2","0","2","0","2","2","2","2","2","2","0","3","2","2","2","1","0","2","0"
"103","00920","Energy Metabolism","2.5.1.48 - Cystathionine gamma-synthase","http://www.genome.jp/dbget-bin/www_bget?ec:2.5.1.48",14,4,31,"2","2","2","2","0","0","2","2","2","2","2","2","2","2","2","2","2","2","2","2","2","2","2","2","2","1","0","0","0","0","0","0","0","0","0","0","0","0","0","0","0","0","0","0","0","0","0","0","0","0","0","0","0","0","3","2","2","2","0","0","0","3","3","3","2","0","2","0","0","2","2","1","2","0","2","1","2","2","2","2","0","1","1","1","2","0","2","2","0"
"104","00920","Energy Metabolism","2.3.1.46 - Homoserine O-succinyltransferase","http://www.genome.jp/dbget-bin/www_bget?ec:2.3.1.46",14,4,31,"2","1","1","1","0","0","1","1","1","1","1","1","1","1","2","1","1","1","1","1","1","1","1","1","1","1","0","0","0","0","0","0","0","0","0","0","0","0","0","0","0","0","0","0","0","0","0","0","0","0","0","0","0","0","1","1","1","1","0","0","0","1","1","1","1","0","1","0","0","1","1","1","1","0","1","1","1","1","1","1","0","1","1","1","1","0","1","1","0"
"105","00930","Xenobiotics Biodegradation and Metabolism","3.5.1.- - In linear amides.","http://www.genome.jp/dbget-bin/www_bget?ec:3.5.1.-",14,1,37,"1","1","0","1","0","2","2","1","1","1","1","1","1","1","1","1","1","1","1","1","1","1","0","0","0","0","1","0","0","3","3","0","3","2","0","1","1","1","1","1","0","0","0","3","0","0","0","0","0","0","2","0","0","0","2","3","0","1","0","0","0","0","1","0","1","0","0","1","0","1","0","1","0","1","1","2","1","1","1","1","1","3","0","0","1","0","1","1","0"
"106","00944","Biosynthesis of Secondary Metabolites","3.2.1.31 - Beta-glucuronidase","http://www.genome.jp/dbget-bin/www_bget?ec:3.2.1.31",14,0,4,"0","0","0","0","0","0","0","2","1","2","2","2","2","2","2","2","2","2","2","2","4","0","0","0","0","0","0","0","0","0","0","0","0","0","0","0","0","0","0","0","0","4","0","0","0","2","0","0","0","0","0","0","1","0","0","0","0","0","0","0","0","0","0","0","0","0","0","0","0","0","0","0","0","0","0","0","0","0","0","0","0","0","0","0","1","0","0","0","0"
"107","00983","Xenobiotics Biodegradation and Metabolism","3.2.1.31 - Beta-glucuronidase","http://www.genome.jp/dbget-bin/www_bget?ec:3.2.1.31",14,0,4,"0","0","0","0","0","0","0","2","1","2","2","2","2","2","2","2","2","2","2","2","4","0","0","0","0","0","0","0","0","0","0","0","0","0","0","0","0","0","0","0","0","4","0","0","0","2","0","0","0","0","0","0","1","0","0","0","0","0","0","0","0","0","0","0","0","0","0","0","0","0","0","0","0","0","0","0","0","0","0","0","0","0","0","0","1","0","0","0","0"
"108","01053","Biosynthesis of Polyketides and Nonribosomal Peptides","5.4.4.2 - Isochorismate synthase","http://www.genome.jp/dbget-bin/www_bget?ec:5.4.4.2",14,4,40,"0","0","0","1","0","0","1","1","1","1","1","1","1","1","1","1","1","1","1","1","1","1","1","1","1","0","0","0","0","1","1","1","1","1","1","1","1","1","1","1","0","0","0","0","0","0","0","0","0","0","0","0","0","0","1","1","0","1","0","1","1","1","1","0","1","1","0","1","0","1","0","1","0","0","1","1","1","1","1","1","1","2","1","1","1","1","1","1","1"
